,Name,Town,Types,Distance,Time,Difficulty,Image
0, Saint-Laurent-du-Plan grande boucle ,saint-laurent-du-plan, à pied , 8 km , Durée : 1h30  , Difficulté : Facile ,https://www.gironde-tourisme.com/wp-content/uploads/wpetourisme/vallon-a-St-Laurent-du-Plan-423x296.jpg
1, Boucle locale de Cayfas à Listrac-de-Durèze ,listrac-de-dureze, à pied , 7 km , Durée : 2h  , Difficulté : Moyenne ,https://www.gironde-tourisme.com/wp-content/uploads/wpetourisme/Boucle-de-Cayfas-423x296.jpg
2, Le Barp : boucle du quartier Haureuils ,le barp, à pied ," 4,7 km ", Durée : 1h15  , Difficulté : Facile ,https://www.gironde-tourisme.com/wp-content/uploads/wpetourisme/Image1-111-3-423x276.jpg
3, Super balade : La vigne et l’architecte ,pessac, à pied , 23 km , Durée : 2h  , Difficulté : Facile ,https://www.gironde-tourisme.com/wp-content/uploads/wpetourisme/Cite-Fruges-Le-Corbusier-Ville-de-Pessac---Nikolas-Ernult--FILEminimizer--2-423x296.jpg
4, De Sainte-Foy-la-Grande à Port-Sainte-Foy-et-Ponchapt en écomobilité ,sainte-foy-la-grande, à pied , 8 km , Durée : 2  , Difficulté : Facile ,https://www.gironde-tourisme.com/wp-content/uploads/wpetourisme/COUVERTS-DE-NUIT-423x296.jpg
5, Boucle de Goulée ,valeyrac, à pied ," 6,1 km ", Durée : 1h45  , Difficulté : Très facile ,https://www.gironde-tourisme.com/wp-content/uploads/wpetourisme/P1080558-3-423x296.jpg
6, Circuit de La Chapelle ,jau-dignac-et-loirac, à pied ," 5,8 km ", Durée : 1h30  , Difficulté : Très facile ,https://www.gironde-tourisme.com/wp-content/uploads/wpetourisme/Circuit-de-La-Chapelle3-3-423x296.jpg
7," Boucle pédestre : Les satellites, Puisseguin ",puisseguin, à pied , 17 km , Durée : 3h  , Difficulté : Difficile ,https://www.gironde-tourisme.com/wp-content/uploads/wpetourisme/chateau-feodal-de-monbadon-3-423x296.jpg
8, Boucle Haut Val d’Engranne Sud ,gornac, à pied ," 10,2 km ", Durée : 3  , Difficulté : Facile ,https://www.gironde-tourisme.com/wp-content/uploads/wpetourisme/gornac-423x296.jpg
9, Ecobalade dans Bazas ,bazas, à pied ," 2,5 km ", Durée : 2h  , Difficulté : Facile ,https://www.gironde-tourisme.com/wp-content/uploads/wpetourisme/Sultan---Ecobalade-423x296.jpg
10, Grand Tour de Talais ,talais, à pied ," 13,2 km ", Durée : 3h  , Difficulté : Très facile ,https://www.gironde-tourisme.com/wp-content/uploads/wpetourisme/Grand-tour-du-village-Talais-2-423x296.jpg
11, Boucle entre vignes et marais ,queyrac, à pied ," 6,7 km ", Durée : 2h  , Difficulté : Facile ,https://www.gironde-tourisme.com/wp-content/uploads/wpetourisme/Entre-vignes-et-marais-423x296.jpg
12, Chemin d’Amadour : étape 1 de Soulac-sur-Mer à Saint-Vivien-de-Médoc ,soulac-sur-mer, à pied ," 25,5 km ", Durée : 6h15  , Difficulté : Moyenne ,https://www.gironde-tourisme.com/wp-content/uploads/wpetourisme/Capture-d-ecran-2023-05-19-a-10.21.13-423x296.png
13, Boucle Tabanac/ Le Tourne ,tabanac, à pied , 10 km , Durée : 3h  , Difficulté : Moyenne ,https://www.gironde-tourisme.com/wp-content/uploads/wpetourisme/rando-tabanac--4--423x296.jpg
14, Boucle de La Sauve à pied – Une abbaye en Entre-Deux Mers ,la sauve, à pied , 8 km , Durée : 2h  , Difficulté : Facile ,https://www.gironde-tourisme.com/wp-content/uploads/wpetourisme/Boucle-de-La-Sauve-Majeure-423x296.jpg
15, Boucle de la Dordogne ,branne, à pied ," 6,3 km ", Durée : 2h10  , Difficulté : Facile ,https://www.gironde-tourisme.com/wp-content/uploads/wpetourisme/vue-branne-1--1--423x296.jpg
16, Boucle locale du Cheval Blanc ,saint-seve, à pied , 13 km , Durée : 3H30  , Difficulté : Moyenne ,https://www.gironde-tourisme.com/wp-content/uploads/wpetourisme/vignes--1--423x296.jpg
17, Boucle pédestre : Autour de Parsac ,montagne, à pied , 6 km , Durée : 1h30  , Difficulté : Facile ,https://www.gironde-tourisme.com/wp-content/uploads/wpetourisme/VIGNE-ALANTA-HD-423x296.jpg
18, Village de Verdelais ,verdelais, à pied ," 3,5 km ", Durée : 1h  , Difficulté : Facile ,https://www.gironde-tourisme.com/wp-content/uploads/wpetourisme/verdelais-sud-gironde-agence-les-conteurs-28-423x296.jpg
19, Boucle des Marais de Saint-Seurin-de-Cadourne ,saint-seurin-de-cadourne, à pied , 19 km , Durée : 7h  , Difficulté : Difficile ,https://www.gironde-tourisme.com/wp-content/uploads/wpetourisme/Saint-Seurin-de-Cadourne---Plus-belles-balades---Gironde-Tourisme-2-423x296.jpg
20," A Lanton, à la rencontre des belles villas de Taussat-les-Bains ",lanton, à pied , 2 km , Durée : 1h  , Difficulté : Facile ,https://www.gironde-tourisme.com/wp-content/uploads/wpetourisme/Visite-Taussat-devant-Tosca-2-800x600-423x296.jpg
21, La Sauve-Majeure grande boucle ,la sauve, à pied , 15 km , Durée : 4  , Difficulté : Facile ,https://www.gironde-tourisme.com/wp-content/uploads/wpetourisme/La-Sauve-Majeure-423x296.jpg
22, La boucle du dolmen ,jugazan, à pied ," 7,9 km ", Durée : 2h  , Difficulté : Facile ,https://www.gironde-tourisme.com/wp-content/uploads/wpetourisme/Boucle-du-dolmen-Jugazan-423x296.png
23, « La Randonnée des Châteaux » à Pauillac ,pauillac, à pied , 14 km , Durée : 4h00  , Difficulté : Facile ,https://www.gironde-tourisme.com/wp-content/uploads/wpetourisme/LAFITE-ROTHSCHILD-5--F.FATIN--423x296.jpg
24, Boucle des Moulins ,civrac-de-blaye, à pied , 16 km , Durée : 4h  , Difficulté : Facile ,https://www.gironde-tourisme.com/wp-content/uploads/wpetourisme/Boucle-des-moulins-800x600-moulin-guerin-Civrac-Saint-Savin-Credit-photo-David-Remazeilles-Gironde-Tourisme-423x296.jpg
25, Chemin de Saint-Jacques-Compostelle par la Chapelle Saint-Jean-Baptiste de l’Hôpital ,le verdon-sur-mer, à pied , 96 km , Durée : 2 Jours  , Difficulté : Moyenne ,https://www.gironde-tourisme.com/wp-content/uploads/wpetourisme/La-Chapelle13-423x296.jpg
26, Boucle des Gabariers ,cabara, à pied ," 4,3 km ", Durée : 1h25  , Difficulté : Facile ,https://www.gironde-tourisme.com/wp-content/uploads/wpetourisme/CABARA---Point-de-vue-2-423x296.jpg
27, Boucle de l’Imbarradys ,barie, à pied , 7 km , Durée : 1h30  , Difficulté : Très facile ,https://www.gironde-tourisme.com/wp-content/uploads/wpetourisme/Boucle-L-Imbarradys-champs-423x296.jpg
28, Balade à roulettes : Les écluses du Canal de Garonne ,castets et castillon, à pied , 3 km , Durée : 45 mn  , Difficulté : Très facile ,https://www.gironde-tourisme.com/wp-content/uploads/wpetourisme/bords-canal-a-velos-agence-les-conteurs-423x296.jpg
29, Circuit du pont des gouttes à Saint-Avit-Saint-Nazaire ,saint-avit-saint-nazaire, à pied ," 4,5 km ", Durée : 1h10  , Difficulté : Facile ,https://www.gironde-tourisme.com/wp-content/uploads/wpetourisme/Petit-pont-423x296.jpg
30, Le sentier des Chênes – Réserve Naturelle de Hourtin ,hourtin, à pied ," 3,2 km ", Durée : 1h  , Difficulté : Moyenne ,https://www.gironde-tourisme.com/wp-content/uploads/wpetourisme/P1060330-423x296.jpg
31, Circuit Bordeaux périmètre UNESCO ,bordeaux, à pied ," 5,3 km ", Durée : 1h45  , Difficulté : Très facile ,https://www.gironde-tourisme.com/wp-content/uploads/wpetourisme/Bordeaux-Monument-aux-Girondins-423x296.jpg
32, Circuit des lavoirs de Pujols ,pujols, à pied ," 9,3 km ", Durée : 3h  , Difficulté : Moyenne ,https://www.gironde-tourisme.com/wp-content/uploads/wpetourisme/Lavoir-de-Gueyniche---Pujols---OTCP-E-Gaye-2021-2-423x296.jpg
33, Boucle de la Bassanne ,savignac, à pied , 11 km , Durée : 2h45  , Difficulté : Facile ,https://www.gironde-tourisme.com/wp-content/uploads/wpetourisme/boucle-de-la-bassanne-balisage-423x296.jpg
34, Boucle du Château de Rauzan ,rauzan, à pied ," 3,1 km ", Durée : 1h  , Difficulté : Très facile ,https://www.gironde-tourisme.com/wp-content/uploads/wpetourisme/Chateau-de-Rauzan-1---OTCP---Emmanuel-Gaye-2021--1--423x296.jpg
35," A Saint-Symphorien, François Mauriac, un adolescent d’autrefois ",saint-symphorien, à pied , 16 km , Durée : 5h  , Difficulté : Facile ,https://www.gironde-tourisme.com/wp-content/uploads/wpetourisme/Maison-communale-Saint-Symphorien-423x296.jpeg
36," Boucle pédestre « Blaye, boucle du village ancien » ",blaye, à pied ," 3,4 km ", Durée : 1h30  , Difficulté : Facile ,https://www.gironde-tourisme.com/wp-content/uploads/wpetourisme/800x600-ville-de-Blaye---David-Remazeilles--Gironde-Tourisme--0964-423x296.jpg
37, Le sentier du Marais du Gua ,vensac, à pied ," 1,3 km ", Durée : 30 mn  , Difficulté : Facile ,https://www.gironde-tourisme.com/wp-content/uploads/wpetourisme/P1080498-2-423x296.jpg
38, La Ronde Vertheuillaise ,vertheuil, à pied ," 16,5 km ", Durée : 4h  , Difficulté : Facile ,https://www.gironde-tourisme.com/wp-content/uploads/wpetourisme/RONDE-VERTHEUILLAISE-414x296.jpg
39, Parcours des Graves – Boucle Verte ,canejan, à pied , 5 km , Durée : 1h15  , Difficulté : Très facile ,https://www.gironde-tourisme.com/wp-content/uploads/wpetourisme/Lac-vert-4-423x296.jpeg
40, Circuit de la Roquille ,la roquille, à pied , 9 km , Durée : 2h20  , Difficulté : Moyenne ,https://www.gironde-tourisme.com/wp-content/uploads/wpetourisme/Eglise-de-La-Roquille-423x296.jpg
41, Boucle de Marcillac ,val-de-livenne, à pied ," 10,5 km ", Durée : 3h  , Difficulté : Facile ,https://www.gironde-tourisme.com/wp-content/uploads/wpetourisme/Vue-sur-les-vignes-et-chateau-d-eau-de-Reignac-423x296.jpg
42, La Soulacaise ,soulac-sur-mer, à pied ," 7,9 km ", Durée : 2h30  , Difficulté : Facile ,https://www.gironde-tourisme.com/wp-content/uploads/wpetourisme/basilique-soulac-medoc-atlantique-3-2-423x296.jpg
43, Circuit de La Tour à Les-Lèves-et-Thoumeyragues ,les leves-et-thoumeyragues, à pied , 12 km , Durée : 3h30  , Difficulté : Moyenne ,https://www.gironde-tourisme.com/wp-content/uploads/wpetourisme/Grand-croix-423x296.jpg
44, Boucle de Saint-Avit-de-Soulège ,saint-avit-de-soulege, à pied ," 6,3 km ", Durée : 2h  , Difficulté : Moyenne ,https://www.gironde-tourisme.com/wp-content/uploads/wpetourisme/Stele-de-Faidherbe-423x296.jpg
45, Boucle des Trois Paroisses ,jau-dignac-et-loirac, à pied ," 11,4 km ", Durée : 3h15  , Difficulté : Très facile ,https://www.gironde-tourisme.com/wp-content/uploads/wpetourisme/Boucle-des-Trois-Paroisses-3-423x296.jpg
46, Boucle de Saint-Laurent-des-Combes à pied – Un vignoble en relief ,saint-laurent-des-combes, à pied , 9 km , Durée : 3h30  , Difficulté : Facile ,https://www.gironde-tourisme.com/wp-content/uploads/wpetourisme/CDT33-tfinal-Boucle-St-Laurent-des-Combes-Randonneurs-423x296.jpg
47, Boucle du Canal de Garonne ,castets et castillon, à pied , 11 km , Durée : 3h  , Difficulté : Moyenne ,https://www.gironde-tourisme.com/wp-content/uploads/wpetourisme/ecluse-52-canal-agence-les-conteurs-423x296.jpg
48," Arcachon, le quartier du Moulleau ",arcachon, à pied ," 4,1 km ", Durée : 45 min  , Difficulté : Facile ,https://www.gironde-tourisme.com/wp-content/uploads/wpetourisme/Eglise-Notre-Dame-des-Passes-423x296.jpg
49, Boucle de l’Estuaire ,valeyrac, à pied ," 10,4 km ", Durée : 3h  , Difficulté : Très facile ,https://www.gironde-tourisme.com/wp-content/uploads/wpetourisme/P1080075-2-423x296.jpg
50, Boucle du Moulin Neuf ,saint-quentin-de-baron, à pied ," 6,5 km ", Durée : 1h30  , Difficulté : Facile ,https://www.gironde-tourisme.com/wp-content/uploads/wpetourisme/eglise-de-st-quentin-423x296.jpg
51," Boucle de Montalon, Saint-André-de-Cubzac ",saint-andre-de-cubzac, à pied ," 8,1 km ", Durée : 3h00  , Difficulté : Facile ,https://www.gironde-tourisme.com/wp-content/uploads/wpetourisme/Moulin-Montalon---St-Andre--800x600--423x296.jpg
52, Circuit des villas soulacaises ,soulac-sur-mer, à pied , 2 km , Durée : 1h  , Difficulté : Facile ,https://www.gironde-tourisme.com/wp-content/uploads/wpetourisme/BASILIQUE---1-423x296.jpg
53, Boucle pédestre « Vignoble en citadelle » à Blaye ,blaye, à pied ," 18,6 km ", Durée : 4h00  , Difficulté : Facile ,https://www.gironde-tourisme.com/wp-content/uploads/wpetourisme/citadelle-Blaye-UNESCO-porte-dauphine-800x600--Blaye-tourisme-Steve-Le-Clech-2-423x296.jpg
54, Le Barp : Boucle locale centre bourg « sur les traces de Camin Roumieu » ,le barp, à pied , 6 km , Durée : 1h30  , Difficulté : Facile ,https://www.gironde-tourisme.com/wp-content/uploads/wpetourisme/Mediatheque-Le-Barp-2-3-423x296.jpg
55, Boucle locale de Le-Pian-sur-Garonne ,le pian-sur-garonne, à pied ," 6,5 km ", Durée : 2h  , Difficulté : Moyenne ,https://www.gironde-tourisme.com/wp-content/uploads/wpetourisme/Village-de-Pian-sur-Garonne-423x296.jpg
56," A Audenge, sur le Domaine de Graveyron entre terre et eaux ",audenge, à pied , 6 km , Durée : 2h  , Difficulté : Facile ,https://www.gironde-tourisme.com/wp-content/uploads/wpetourisme/Domaine-de-Graveyron-423x296.jpg
57, Boucle pédestre : Sur les hauteurs de Pey Landry à Saint-Philippe-d’Aiguille ,saint-philippe-d'aiguille, à pied ," 4,9 km ", Durée : 1h30  , Difficulté : Moyenne ,https://www.gironde-tourisme.com/wp-content/uploads/wpetourisme/52092968126-c0db5987b6-c-5-423x296.jpg
58, Boucle des Dolmens à Bellefond ,bellefond, à pied ," 4,9 km ", Durée : 1h  , Difficulté : Très facile ,https://www.gironde-tourisme.com/wp-content/uploads/wpetourisme/Boucle-de-Bellefond-423x296.jpg
59, A la poursuite du Coulobre à Sainte-Foy-La-Grande ,sainte-foy-la-grande, à pied ," 0,6 km ", Durée : 30mn  , Difficulté : Très facile ,https://www.gironde-tourisme.com/wp-content/uploads/wpetourisme/ot-ste-foy-360x296.jpg
60, Boucle du Canal ,fontet, à pied , 23 km , Durée : 5h  , Difficulté : Moyenne ,https://www.gironde-tourisme.com/wp-content/uploads/wpetourisme/canal-9a6bb7a0dccf4b36a0fd0f5a2b0a8d0f-423x296.jpg
61, Le Barp : boucle des anciens quartiers ,le barp, à pied ," 15,5 km ", Durée : 4h00  , Difficulté : Facile ,https://www.gironde-tourisme.com/wp-content/uploads/wpetourisme/Image1-111-2-423x276.jpg
62, Petite boucle du Lysos ,cours-les-bains, à pied , 12 km , Durée : 2h30  , Difficulté : Facile ,https://www.gironde-tourisme.com/wp-content/uploads/wpetourisme/Eglise-Auzac-423x296.jpg
63," Arcachon, boucle de la Ville d’Hiver ",arcachon, à pied ," 4,5 km ", Durée : 1h  , Difficulté : Très facile ,https://www.gironde-tourisme.com/wp-content/uploads/wpetourisme/villa-ville-dhiver-biette-1920x2880-423x296.jpg
64, Boucle Meynac/ Quinsac ,camblanes-et-meynac, à pied ," 9,2 km ", Durée : 2h30  , Difficulté : Moyenne ,https://www.gironde-tourisme.com/wp-content/uploads/wpetourisme/rando-meynac--1--423x296.jpg
65, Boucle pédestre : A la croisée des appellations ,saint-christophe-des-bardes, à pied ," 11,1 km ", Durée : 2h30  , Difficulté : Moyenne ,https://www.gironde-tourisme.com/wp-content/uploads/wpetourisme/Croix-de-Tourans-BD---Guillaume-Le-Baube-423x296.jpg
66, Boucle Langoiran/ Le Tourne ,le tourne, à pied , 9 km , Durée : 2h30  , Difficulté : Moyenne ,https://www.gironde-tourisme.com/wp-content/uploads/wpetourisme/rando-tabanac--2--423x296.jpg
67, Boucle des deux Eglises ,pondaurat, à pied , 11 km , Durée : 2h10  , Difficulté : Très facile ,https://www.gironde-tourisme.com/wp-content/uploads/wpetourisme/Boucle-Deux-Eglises-Pondaurat-423x296.jpg
68, Circuit des bois de Margueron ,margueron, à pied ," 5,6 km ", Durée : 2h  , Difficulté : Moyenne ,https://www.gironde-tourisme.com/wp-content/uploads/wpetourisme/Circuit-des-bois-423x296.jpg
69, Boucle locale de Saint-Martial ,saint-martial, à pied , 10 km , Durée : 2h30  , Difficulté : Moyenne ,https://www.gironde-tourisme.com/wp-content/uploads/wpetourisme/Lac-de-Saint-Martial-1-423x296.jpg
70, Boucle d’Ordonnac ,ordonnac, à pied , 15 km , Durée : 4h15  , Difficulté : Facile ,https://www.gironde-tourisme.com/wp-content/uploads/wpetourisme/Abbaye-de-l-Isle-Ordonnac--Florence-Dupin-423x296.jpg
71, Boucle des coteaux du vignoble Castillonnais ,sainte-colombe, à pied ," 11,6 km ", Durée : 3h45  , Difficulté : Moyenne ,https://www.gironde-tourisme.com/wp-content/uploads/wpetourisme/Bois-eglise-vignes-Ste-Colombe-OTCP-C-Molina-2021-Carre-3-423x296.jpg
72, Boucle du Haros ,saint-yzan-de-soudiac, à pied , 19 km , Durée : 4h30  , Difficulté : Moyenne ,https://www.gironde-tourisme.com/wp-content/uploads/wpetourisme/Boucle-du-Haros-800x600-Saint-Yzan-de-Soudiac-Credit-photo-OTLNG--6--0bd19d20564646f8928c0dd7d5647a3d-423x296.jpg
73," Arcachon, Parcours des 5 sens – 2km300 ",arcachon, à pied ," 2,3 km ", Durée : 30 mn  , Difficulté : Très facile ,https://www.gironde-tourisme.com/wp-content/uploads/wpetourisme/0H2A3863-2-423x296.jpg
74, Urban Wine Trail ,bordeaux, à pied , 25 km , Durée : 1 jour  , Difficulté : Facile ,https://www.gironde-tourisme.com/wp-content/uploads/wpetourisme/-MG-1153-pt-423x296.jpg
75, Boucle locale du Médier et du Mec ,mongauzy, à pied , 14 km , Durée : 3h30  , Difficulté : Moyenne ,https://www.gironde-tourisme.com/wp-content/uploads/wpetourisme/vignes-476789e615da41839e7fc1c3b1c7d36b-423x296.jpg
76, Boucle pédestre : Les Artigues de Lussac en toute tranquilité ,les artigues-de-lussac, à pied ," 5,7 km ", Durée : 1h45  , Difficulté : Facile ,https://www.gironde-tourisme.com/wp-content/uploads/wpetourisme/abbaye-de-faise.jpg
77, Boucle pédestre : Aux portes de Saint-Emilion ,saint-emilion, à pied , 6 km , Durée : 1h30  , Difficulté : Facile ,https://www.gironde-tourisme.com/wp-content/uploads/wpetourisme/porte-st-martin-stemilion-408x296.jpg
78, Bazas Médiévale ,bazas, à pied , 2 km , Durée : 2h  , Difficulté : Très facile ,https://www.gironde-tourisme.com/wp-content/uploads/wpetourisme/Boeufs-gras-Bazas-1-423x296.jpg
79, Parcours des Graves – Parcours Rouge ,pessac, à pied , 30 km , Durée : 7h30  , Difficulté : Moyenne ,https://www.gironde-tourisme.com/wp-content/uploads/wpetourisme/Bois-du-Peugue-3-2-3-423x296.jpg
80, La boucle des palombes ,labarde, à pied ," 5,3 km ", Durée : 1h30  , Difficulté : Facile ,https://www.gironde-tourisme.com/wp-content/uploads/wpetourisme/Palombes-pour-Sirtaqui-400x296.jpg
81, Route pittoresque de la Corniche ,gauriac,, 10 km ,,,https://www.gironde-tourisme.com/wp-content/uploads/wpetourisme/Carrelet-rouet-corniche-hauteur-bourg-800x600-423x296.jpg
82, Street Art dans la ville ,ares, à vélo , 10 km , Durée : 1h00  , Difficulté : Facile ,https://www.gironde-tourisme.com/wp-content/uploads/wpetourisme/Street-art-423x296.jpeg
83, La boucle des pins ,le pian-medoc, à pied ," 12,3 km ", Durée : 3h  , Difficulté : Facile ,https://www.gironde-tourisme.com/wp-content/uploads/wpetourisme/Pins-pour-Sirtaqui-400x296.jpg
84, Parcours pédestre rouge ,doulezon, à pied , 9 km , Durée : 2h15  , Difficulté : Facile ,https://www.gironde-tourisme.com/wp-content/uploads/wpetourisme/52092968126-c0db5987b6-c-2-423x296.jpg
85, Les 3 eaux de Saint-Brice ,ares, à pied ," 4,3 km ", Durée : 1h30  , Difficulté : Facile ,https://www.gironde-tourisme.com/wp-content/uploads/wpetourisme/saint-brice-site-naturel---ares---bassin-arcachon---Gregory-Cassiau---Les-Conteurs--4----423x296.jpg
86, La Soulacaise Sud ,soulac-sur-mer, à pied ," 6,3 km ", Durée : 2h  , Difficulté : Facile ,https://www.gironde-tourisme.com/wp-content/uploads/wpetourisme/P1080399-2-423x296.jpg
87," Arcachon, balade sur les anciennes dunes ",arcachon, à pied ," 4,5 km ", Durée : 1h  , Difficulté : Facile ,https://www.gironde-tourisme.com/wp-content/uploads/wpetourisme/Capture-d-ecran-2017-05-10-a-11.55.52-423x296.png
88, Boucle Lignan-de-Bordeaux/ Cénac ,lignan-de-bordeaux, à pied ," 11,6 km ", Durée : 3h  , Difficulté : Moyenne ,https://www.gironde-tourisme.com/wp-content/uploads/wpetourisme/rando-lignan--4--2-423x296.jpg
89, Super balade : Sur l’eau et dans les nuages ,lormont, à pied ," 14,5 km ", Durée : 5h  , Difficulté : Facile ,https://www.gironde-tourisme.com/wp-content/uploads/wpetourisme/Domaine-de-la-Burthe-2-423x296.jpg
90, Boucle pédestre : La Route des vins biologiques ,saint-emilion, à pied , 6 km , Durée : 1h30  , Difficulté : Facile ,https://www.gironde-tourisme.com/wp-content/uploads/wpetourisme/ST-MARTIN-DE-MAZERAT-OFF-DE-TOURISME-HD-423x296.jpg
91, Lugos : sur les traces du Vieux Lugo ,lugos, à pied ," 10,5 km ", Durée : 2h30  , Difficulté : Facile ,https://www.gironde-tourisme.com/wp-content/uploads/wpetourisme/randonne--lugos-la-pierre-du-diable-27885449207-o-2-423x296.jpg
92, Boucle de Saint-Pierre d’Aurillac ,saint-pierre-d'aurillac, à pied ," 9,5 km ", Durée : 1h45  , Difficulté : Facile ,https://www.gironde-tourisme.com/wp-content/uploads/wpetourisme/GARONNE-20-423x296.jpg
93," Boucle pédestre : Tayac, Francs et Saint-Cibard ",tayac, à pied ," 13,4 km ", Durée : 3h15  , Difficulté : Difficile ,https://www.gironde-tourisme.com/wp-content/uploads/wpetourisme/eglise-francs-2-423x296.jpg
94, Salles : balade nature rive droite de la Leyre ,salles, à pied ," 5,6 km ", Durée : 1h20  , Difficulté : Facile ,https://www.gironde-tourisme.com/wp-content/uploads/wpetourisme/VDL-LEYRE-20-423x296.jpg
95, Les secrets de la petite Amazone ,le teich, à pied , 10 km , Durée : 3h  , Difficulté : Très facile ,https://www.gironde-tourisme.com/wp-content/uploads/wpetourisme/CDT33-tfinal-POIT-Teich1-423x296.jpg
96, Le sentier du Lac à Maubuisson ,carcans-maubuisson, à pied , 7 km , Durée : 2h  , Difficulté : Facile ,https://www.gironde-tourisme.com/wp-content/uploads/wpetourisme/Sentier-du-lac-Maubuisson-----Medoc-Atlantique-423x296.jpg
97, Boucle du Talley à Montignac ,montignac, à pied ," 13,5 km "," Durée : 3,30  ", Difficulté : Facile ,https://www.gironde-tourisme.com/wp-content/uploads/wpetourisme/Rando-Montignac-COT-423x296.jpg
98, Les boucles des marais d’Arcins-Soussans ,soussans, à pied ," 11,5 km ", Durée : 1h50  , Difficulté : Facile ,https://www.gironde-tourisme.com/wp-content/uploads/wpetourisme/Marais-Arcins-Soussans-pour-Sirtaqui-400x296.jpg
99, Boucle locale des moulins d’Eynesse ,eynesse, à pied ," 3,4 km ", Durée : 1h10  , Difficulté : Facile ,https://www.gironde-tourisme.com/wp-content/uploads/wpetourisme/Moulin-14-423x296.jpg
100, La Blaignanaise ,blaignan-prignac, à pied ," 14,2 km ", Durée : 3h45/4h  , Difficulté : Facile ,https://www.gironde-tourisme.com/wp-content/uploads/wpetourisme/Moulin-de-Courrian---Blaignan-3-423x296.jpg
101, Parcours des Graves – Parcours Rouge ,pessac, à pied , 30 km , Durée : 7h30  , Difficulté : Moyenne ,https://www.gironde-tourisme.com/wp-content/uploads/wpetourisme/Bois-du-Peugue-3-2-3-423x296.jpg
102, Boucle des Moulins ,civrac-de-blaye, à pied , 16 km , Durée : 4h  , Difficulté : Facile ,https://www.gironde-tourisme.com/wp-content/uploads/wpetourisme/Boucle-des-moulins-800x600-moulin-guerin-Civrac-Saint-Savin-Credit-photo-David-Remazeilles-Gironde-Tourisme-423x296.jpg
103, Grand Tour de Talais ,talais, à pied ," 13,2 km ", Durée : 3h  , Difficulté : Très facile ,https://www.gironde-tourisme.com/wp-content/uploads/wpetourisme/Grand-tour-du-village-Talais-2-423x296.jpg
104, Boucle du château de Villandraut ,villandraut, à pied ," 13,8 km ", Durée : 2h30  , Difficulté : Facile ,https://www.gironde-tourisme.com/wp-content/uploads/wpetourisme/Village-Villandraut-Ciron-Mairie-7-800-423x296.jpg
105," Boucle pédestre : Sainte-Terre, le long de la Dordogne ",sainte-terre, à pied ," 6,5 km ", Durée : 1h45  , Difficulté : Facile ,https://www.gironde-tourisme.com/wp-content/uploads/wpetourisme/11150400-10153780400167598-8908212383590403505-n-423x296.jpg
106, Les 3 eaux de Saint-Brice ,ares, à pied ," 4,3 km ", Durée : 1h30  , Difficulté : Facile ,https://www.gironde-tourisme.com/wp-content/uploads/wpetourisme/saint-brice-site-naturel---ares---bassin-arcachon---Gregory-Cassiau---Les-Conteurs--4----423x296.jpg
107, Bazas Médiévale ,bazas, à pied , 2 km , Durée : 2h  , Difficulté : Très facile ,https://www.gironde-tourisme.com/wp-content/uploads/wpetourisme/Boeufs-gras-Bazas-1-423x296.jpg
108, Boucle des Marais de Saint-Seurin-de-Cadourne ,saint-seurin-de-cadourne, à pied , 19 km , Durée : 7h  , Difficulté : Difficile ,https://www.gironde-tourisme.com/wp-content/uploads/wpetourisme/Saint-Seurin-de-Cadourne---Plus-belles-balades---Gironde-Tourisme-2-423x296.jpg
109, Boucle de la bastide à Monségur ,monsegur, à pied ," 6,5 km ", Durée : 1H30  , Difficulté : Facile ,https://www.gironde-tourisme.com/wp-content/uploads/wpetourisme/Monsegur-1-423x296.jpg
110, Boucle locale de Roaillan ,roaillan, à pied ," 7,5 km ", Durée : 2h  , Difficulté : Facile ,https://www.gironde-tourisme.com/wp-content/uploads/wpetourisme/Eglise-Roaillan-423x296.jpg
111," Arcachon, Boucle de la Ville d’Automne ",arcachon, à pied ," 6,2 km ", Durée : 1h30  , Difficulté : Facile ,https://www.gironde-tourisme.com/wp-content/uploads/wpetourisme/aiguillon-arcachon-2-423x296.jpg
112, Saint-Laurent-du-Plan boucle sud ,saint-laurent-du-plan, à pied ," 6,9 km ", Durée : 1h10  , Difficulté : Facile ,https://www.gironde-tourisme.com/wp-content/uploads/wpetourisme/vallon-a-St-Laurent-du-Plan-423x296.jpg
113, La Sauve-Majeure grande boucle ,la sauve, à pied , 15 km , Durée : 4  , Difficulté : Facile ,https://www.gironde-tourisme.com/wp-content/uploads/wpetourisme/La-Sauve-Majeure-423x296.jpg
114, Le sentier du Marais du Gua ,vensac, à pied ," 1,3 km ", Durée : 30 mn  , Difficulté : Facile ,https://www.gironde-tourisme.com/wp-content/uploads/wpetourisme/P1080498-2-423x296.jpg
115, Ecobalade dans Bazas ,bazas, à pied ," 2,5 km ", Durée : 2h  , Difficulté : Facile ,https://www.gironde-tourisme.com/wp-content/uploads/wpetourisme/Sultan---Ecobalade-423x296.jpg
116, Boucle de Cubnezais ,cubnezais, à pied , 13 km , Durée : 3h00  , Difficulté : Facile ,https://www.gironde-tourisme.com/wp-content/uploads/wpetourisme/Cubnezais-Credit-Office-de-Tourisme-LNG-423x296.jpg
117, Boucle locale de Saint-Martial ,saint-martial, à pied , 10 km , Durée : 2h30  , Difficulté : Moyenne ,https://www.gironde-tourisme.com/wp-content/uploads/wpetourisme/Lac-de-Saint-Martial-1-423x296.jpg
118, Parcours des Graves – Boucle Bleue ,leognan, à pied , 20 km , Durée : 4 h  , Difficulté : Moyenne ,https://www.gironde-tourisme.com/wp-content/uploads/wpetourisme/LAC-BLEU-0260-423x296.jpg
119," Arcachon, le quartier du Moulleau ",arcachon, à pied ," 4,1 km ", Durée : 45 min  , Difficulté : Facile ,https://www.gironde-tourisme.com/wp-content/uploads/wpetourisme/Eglise-Notre-Dame-des-Passes-423x296.jpg
120, Boucle de Colinet ,cezac, à pied , 16 km , Durée : 4h30  , Difficulté : Moyenne ,https://www.gironde-tourisme.com/wp-content/uploads/wpetourisme/Colinet-Credit-Office-de-Tourisme-LNG--10--423x296.jpg
121, Boucle de Saint-Avit-de-Soulège ,saint-avit-de-soulege, à pied ," 6,3 km ", Durée : 2h  , Difficulté : Moyenne ,https://www.gironde-tourisme.com/wp-content/uploads/wpetourisme/Stele-de-Faidherbe-423x296.jpg
122, La Ronde Vertheuillaise ,vertheuil, à pied ," 16,5 km ", Durée : 4h  , Difficulté : Facile ,https://www.gironde-tourisme.com/wp-content/uploads/wpetourisme/RONDE-VERTHEUILLAISE-414x296.jpg
123, Boucle de Ruch à Vaure ,ruch, à pied , 10 km , Durée : 3h10  , Difficulté : Moyenne ,https://www.gironde-tourisme.com/wp-content/uploads/wpetourisme/Ruch--Office-de-Tourisme-Castillon-Pujols-MS-2023--15--423x296.jpg
124, Boucle locale de Le-Pian-sur-Garonne ,le pian-sur-garonne, à pied ," 6,5 km ", Durée : 2h  , Difficulté : Moyenne ,https://www.gironde-tourisme.com/wp-content/uploads/wpetourisme/Village-de-Pian-sur-Garonne-423x296.jpg
125, Boucle du lac de la Prade ,bazas, à pied , 8 km , Durée : 3h  , Difficulté : Facile ,https://www.gironde-tourisme.com/wp-content/uploads/wpetourisme/Bazas---lac-de-la-Prade-4-423x296.jpg
126, Circuit de La Peyrute de Port-Sainte-Foy-et-Ponchapt ,port-sainte-foy-et-ponchapt, à pied ," 5,5 km ", Durée : 1h50  , Difficulté : Moyenne ,https://www.gironde-tourisme.com/wp-content/uploads/wpetourisme/Sentier-de-randonnee-Port-Sainte-Foy.jpg
127, Balade dans le village médiéval de Gensac ,gensac, à pied ," 0,8 km ", Durée : 45mn  , Difficulté : Très facile ,https://www.gironde-tourisme.com/wp-content/uploads/wpetourisme/Gensac-ms-ot-castillonpujols--4--423x296.jpg
128, Boucle pédestre : Les satellites Montagne et Saint-Georges ,montagne, à pied , 12 km , Durée : 2h45  , Difficulté : Moyenne ,https://www.gironde-tourisme.com/wp-content/uploads/wpetourisme/chateau-saint-georges-3-423x296.jpg
129, Circuit de La Tour à Les-Lèves-et-Thoumeyragues ,les leves-et-thoumeyragues, à pied , 12 km , Durée : 3h30  , Difficulté : Moyenne ,https://www.gironde-tourisme.com/wp-content/uploads/wpetourisme/Grand-croix-423x296.jpg
130, Boucle de Saint-Pierre d’Aurillac ,saint-pierre-d'aurillac, à pied ," 9,5 km ", Durée : 1h45  , Difficulté : Facile ,https://www.gironde-tourisme.com/wp-content/uploads/wpetourisme/GARONNE-20-423x296.jpg
131, Boucle des Trois Paroisses ,jau-dignac-et-loirac, à pied ," 11,4 km ", Durée : 3h15  , Difficulté : Très facile ,https://www.gironde-tourisme.com/wp-content/uploads/wpetourisme/Boucle-des-Trois-Paroisses-3-423x296.jpg
132, Boucle pédestre : Les Artigues de Lussac en toute tranquilité ,les artigues-de-lussac, à pied ," 5,7 km ", Durée : 1h45  , Difficulté : Facile ,https://www.gironde-tourisme.com/wp-content/uploads/wpetourisme/abbaye-de-faise.jpg
133, Boucle Langoiran/ Le Tourne ,le tourne, à pied , 9 km , Durée : 2h30  , Difficulté : Moyenne ,https://www.gironde-tourisme.com/wp-content/uploads/wpetourisme/rando-tabanac--2--423x296.jpg
134, La boucle des pins ,le pian-medoc, à pied ," 12,3 km ", Durée : 3h  , Difficulté : Facile ,https://www.gironde-tourisme.com/wp-content/uploads/wpetourisme/Pins-pour-Sirtaqui-400x296.jpg
135, Boucle de Goulée ,valeyrac, à pied ," 6,1 km ", Durée : 1h45  , Difficulté : Très facile ,https://www.gironde-tourisme.com/wp-content/uploads/wpetourisme/P1080558-3-423x296.jpg
136, Boucle pédestre : Entre combes et coteaux – paysages UNESCO ,saint-emilion, à pied , 11 km , Durée : 3h30  , Difficulté : Moyenne ,https://www.gironde-tourisme.com/wp-content/uploads/wpetourisme/saint-christophe-333x296.jpg
137, Les boucles des marais d’Arcins-Soussans ,soussans, à pied ," 11,5 km ", Durée : 1h50  , Difficulté : Facile ,https://www.gironde-tourisme.com/wp-content/uploads/wpetourisme/Marais-Arcins-Soussans-pour-Sirtaqui-400x296.jpg
138," Arcachon, Balade en Ville d’Eté ",arcachon, à pied ," 3,8 km ", Durée : 45 min  , Difficulté : Facile ,https://www.gironde-tourisme.com/wp-content/uploads/wpetourisme/Jetee-Thiers-1-2-423x296.jpg
139, Boucle de La Sauve à pied – Une abbaye en Entre-Deux Mers ,la sauve, à pied , 8 km , Durée : 2h  , Difficulté : Facile ,https://www.gironde-tourisme.com/wp-content/uploads/wpetourisme/Boucle-de-La-Sauve-Majeure-423x296.jpg
140, Boucle du Phare de Richard ,jau-dignac-et-loirac, à pied ," 10,7 km ", Durée : 2h30  , Difficulté : Très facile ,https://www.gironde-tourisme.com/wp-content/uploads/wpetourisme/Phare-de-Richard-----Medoc-Atlantique--6--423x296.jpg
141, Boucle de La Font des Bois ,coutures, à pied ," 9,8 km ", Durée : 2h  , Difficulté : Facile ,https://www.gironde-tourisme.com/wp-content/uploads/wpetourisme/DSC-001001-423x296.jpg
142, Fermée temporairement – Grande boucle autour des lacs d’Hostens ,hostens, à pied , 15 km , Durée : 4h  , Difficulté : Difficile ,https://www.gironde-tourisme.com/wp-content/uploads/wpetourisme/Image-Hostens-3-423x296.jpg
143, La Soulacaise Sud ,soulac-sur-mer, à pied ," 6,3 km ", Durée : 2h  , Difficulté : Facile ,https://www.gironde-tourisme.com/wp-content/uploads/wpetourisme/P1080399-2-423x296.jpg
144," Arcachon, balade sur les anciennes dunes ",arcachon, à pied ," 4,5 km ", Durée : 1h  , Difficulté : Facile ,https://www.gironde-tourisme.com/wp-content/uploads/wpetourisme/Capture-d-ecran-2017-05-10-a-11.55.52-423x296.png
145, Du fil de l’eau aux Châteaux : Saint-Laurent du Médoc ,saint-laurent-medoc, à pied ," 14,2 km ", Durée : 3h45  , Difficulté : Facile ,https://www.gironde-tourisme.com/wp-content/uploads/wpetourisme/les-marais-Saint-Laurent-423x296.jpg
146, Boucle pédestre du Lac de Saint-Christoly-de-Blaye ,saint-christoly-de-blaye, à pied ," 9,66 km ", Durée : 2h  , Difficulté : Très facile ,https://www.gironde-tourisme.com/wp-content/uploads/wpetourisme/Lac-de-St-Christoly-de-blaye-panneaux-800x600---Blaye-Tourisme-423x296.jpg
147, Saint-Laurent-du-Plan boucle nord ,saint-laurent-du-plan, à pied ," 4,7 km ", Durée : 45 mn  , Difficulté : Facile ,https://www.gironde-tourisme.com/wp-content/uploads/wpetourisme/vallon-a-St-Laurent-du-Plan-423x296.jpg
148," Au Teich, comme un oiseau sur le sentier du littoral ",le teich, à pied , 8 km , Durée : 2h30  , Difficulté : Facile ,https://www.gironde-tourisme.com/wp-content/uploads/wpetourisme/Sur-le-sentier-du-littoral-423x296.jpg
149, Boucle bleue de Saint-Aubin-de-Branne ,saint-aubin-de-branne, à pied ," 6,2 km ", Durée : 2h  , Difficulté : Facile ,https://www.gironde-tourisme.com/wp-content/uploads/wpetourisme/Eglise-Notre-Dame---Saint-Aubin-de-Branne---OTCP-Emmanuel-GAYE-2020--3--4-423x296.jpg
150, Boucle de Rions ,rions, à pied ," 6,2 km ", Durée : 2h30  , Difficulté : Moyenne ,https://www.gironde-tourisme.com/wp-content/uploads/wpetourisme/Donnees-028-423x296.jpg
151, Boucle des Palus ,queyrac, à pied ," 3,8 km ", Durée : 1h15  , Difficulté : Très facile ,https://www.gironde-tourisme.com/wp-content/uploads/wpetourisme/Les-Palus-423x296.jpg
152, Boucle de la Collégiale d’Uzeste ,uzeste, à pied ," 7,4 km ", Durée : 2h  , Difficulté : Facile ,https://www.gironde-tourisme.com/wp-content/uploads/wpetourisme/Collegiale-UZESTE-16-800-423x296.jpg
153, Circuit dans Montalivet-les-Bains ,montalivet-les-bains, à pied ," 2,9 km ", Durée : 1h15  , Difficulté : Facile ,https://www.gironde-tourisme.com/wp-content/uploads/wpetourisme/1----Couverture--Cabanes-Montalivet-----Medoc-Atlantique--28--423x296.jpg
154, Boucle pédestre : sur les chemins de Néac ,saint-emilion, à pied , 4 km , Durée : 1h  , Difficulté : Facile ,https://www.gironde-tourisme.com/wp-content/uploads/wpetourisme/Chateau-Siaurac-facade-423x296.jpg
155, Boucle du Bois Bourru à Pellegrue ,pellegrue, à pied ," 15,4 km ", Durée : 4h  , Difficulté : Moyenne ,https://www.gironde-tourisme.com/wp-content/uploads/wpetourisme/Lavoir-de-Ramonette-423x296.jpg
156, Boucle du Réolais ,la reole, à pied ," 24,6 km ", Durée : 6h30  , Difficulté : Moyenne ,https://www.gironde-tourisme.com/wp-content/uploads/wpetourisme/IMG-00044-423x296.jpg
157, Boucle de Fontet ,fontet, à pied ," 24,5 km ", Durée : 6h10  , Difficulté : Moyenne ,https://www.gironde-tourisme.com/wp-content/uploads/wpetourisme/canal-9a6bb7a0dccf4b36a0fd0f5a2b0a8d0f-423x296.jpg
158, Boucle du Canal de Garonne ,castets et castillon, à pied , 11 km , Durée : 3h  , Difficulté : Moyenne ,https://www.gironde-tourisme.com/wp-content/uploads/wpetourisme/ecluse-52-canal-agence-les-conteurs-423x296.jpg
159," Boucle pédestre : Les satellites, Lussac ",lussac, à pied , 14 km , Durée : 3h  , Difficulté : Difficile ,https://www.gironde-tourisme.com/wp-content/uploads/wpetourisme/52092968126-c0db5987b6-c-4-423x296.jpg
160, Boucle locale du Médier et du Mec ,mongauzy, à pied , 14 km , Durée : 3h30  , Difficulté : Moyenne ,https://www.gironde-tourisme.com/wp-content/uploads/wpetourisme/vignes-476789e615da41839e7fc1c3b1c7d36b-423x296.jpg
161, Boucle du Moulin Neuf ,saint-quentin-de-baron, à pied ," 6,5 km ", Durée : 1h30  , Difficulté : Facile ,https://www.gironde-tourisme.com/wp-content/uploads/wpetourisme/eglise-de-st-quentin-423x296.jpg
162, Boucle de Sainte Emilionne ,rimons, à pied , 6 km , Durée : 2h  , Difficulté : Facile ,https://www.gironde-tourisme.com/wp-content/uploads/wpetourisme/Boucle-de-Rimons--2--423x296.jpg
163, Le sentier de la Berle : un sentier naturellement fun ! ,lacanau, à pied ," 3,2 km ", Durée : 1h30  , Difficulté : Facile ,https://www.gironde-tourisme.com/wp-content/uploads/wpetourisme/CDT33-tfinal-berle-423x296.jpg
164, Circuit des lavoirs de Pujols ,pujols, à pied ," 9,3 km ", Durée : 3h  , Difficulté : Moyenne ,https://www.gironde-tourisme.com/wp-content/uploads/wpetourisme/Lavoir-de-Gueyniche---Pujols---OTCP-E-Gaye-2021-2-423x296.jpg
165, Sentier Street Art à Braud-et-Saint-Louis ,braud-et-saint-louis, à pied , 2 km , Durée : 1h  , Difficulté : Facile ,https://www.gironde-tourisme.com/wp-content/uploads/wpetourisme/3-12-423x296.png
166, Boucle de Saint-Martin ,blaignan-prignac, à pied ," 12,2 km ", Durée : 3h30  , Difficulté : Facile ,https://www.gironde-tourisme.com/wp-content/uploads/wpetourisme/Prignac-V-2-423x296.jpg
167, La Verdonnaise ,le verdon-sur-mer, à pied ," 6,7 km ", Durée : 1h45  , Difficulté : Très facile ,https://www.gironde-tourisme.com/wp-content/uploads/wpetourisme/Page-St-Nicolas--2--423x296.jpg
168, Boucle pédestre : Lavagnac au fil de l’eau ,sainte-terre, à pied ," 8,4 km ", Durée : 2h30  , Difficulté : Moyenne ,https://www.gironde-tourisme.com/wp-content/uploads/wpetourisme/lamproie.jpg
169," Arcachon, Parcours des 5 sens – 2km300 ",arcachon, à pied ," 2,3 km ", Durée : 30 mn  , Difficulté : Très facile ,https://www.gironde-tourisme.com/wp-content/uploads/wpetourisme/0H2A3863-2-423x296.jpg
170, Parcours nature du lac de la Prade ,bazas, à pied , 9 km , Durée : 3h  , Difficulté : Facile ,https://www.gironde-tourisme.com/wp-content/uploads/wpetourisme/Lac-de-la-Prade---balade-ludique-18-08-2015--ph.-Elodie-F---12--423x296.jpg
171, Petite boucle du Lysos ,cours-les-bains, à pied , 12 km , Durée : 2h30  , Difficulté : Facile ,https://www.gironde-tourisme.com/wp-content/uploads/wpetourisme/Eglise-Auzac-423x296.jpg
172, Balade en bastide de Cadillac ,cadillac-sur-garonne, à pied ," 1,5 km ", Durée : 45 mn  , Difficulté : Très facile ,https://www.gironde-tourisme.com/wp-content/uploads/wpetourisme/Capture-d-ecran-2016-06-07-a-14.52.53-423x296.png
173," Boucle pédestre : Les satellites, Puisseguin ",puisseguin, à pied , 17 km , Durée : 3h  , Difficulté : Difficile ,https://www.gironde-tourisme.com/wp-content/uploads/wpetourisme/chateau-feodal-de-monbadon-3-423x296.jpg
174, Boucle du Château de Rauzan ,rauzan, à pied ," 3,1 km ", Durée : 1h  , Difficulté : Très facile ,https://www.gironde-tourisme.com/wp-content/uploads/wpetourisme/Chateau-de-Rauzan-1---OTCP---Emmanuel-Gaye-2021--1--423x296.jpg
175, Boucle de la Bassanne ,savignac, à pied , 11 km , Durée : 2h45  , Difficulté : Facile ,https://www.gironde-tourisme.com/wp-content/uploads/wpetourisme/boucle-de-la-bassanne-balisage-423x296.jpg
176, Boucle de Lesparre ,lesparre-medoc, à pied ," 11,6 km ", Durée : 3h  , Difficulté : Facile ,https://www.gironde-tourisme.com/wp-content/uploads/wpetourisme/tour-honneur-recadree-423x296.jpg
177, Boucle de Marcillac ,val-de-livenne, à pied ," 10,5 km ", Durée : 3h  , Difficulté : Facile ,https://www.gironde-tourisme.com/wp-content/uploads/wpetourisme/Vue-sur-les-vignes-et-chateau-d-eau-de-Reignac-423x296.jpg
178, Boucle de l’Estuaire ,valeyrac, à pied ," 10,4 km ", Durée : 3h  , Difficulté : Très facile ,https://www.gironde-tourisme.com/wp-content/uploads/wpetourisme/P1080075-2-423x296.jpg
179, Randonnée pédestre à Plassac ,plassac, à pied , 10 km , Durée : 5h00  , Difficulté : Moyenne ,https://www.gironde-tourisme.com/wp-content/uploads/wpetourisme/Capture-d-ecran-2016-06-20-a-14.23.17-423x296.png
180," Arcachon, parcours des 5 sens – 4 km ",arcachon, à pied , 4 km , Durée : 1h15  , Difficulté : Facile ,https://www.gironde-tourisme.com/wp-content/uploads/wpetourisme/0H2A3890-3-423x296.jpg
181, Chemin d’Amadour : étape 2 de Saint-Vivien-de-Médoc à Saint-Christoly-Médoc ,saint-vivien-de-medoc, à pied , 32 km , Durée : 7h00  , Difficulté : Moyenne ,https://www.gironde-tourisme.com/wp-content/uploads/wpetourisme/Capture-d-ecran-2023-05-19-a-14.58.47-423x296.png
182," Arcachon, boucle de la Ville d’Hiver ",arcachon, à pied ," 4,5 km ", Durée : 1h  , Difficulté : Très facile ,https://www.gironde-tourisme.com/wp-content/uploads/wpetourisme/villa-ville-dhiver-biette-1920x2880-423x296.jpg
183, Le sentier du Lac à Maubuisson ,carcans-maubuisson, à pied , 7 km , Durée : 2h  , Difficulté : Facile ,https://www.gironde-tourisme.com/wp-content/uploads/wpetourisme/Sentier-du-lac-Maubuisson-----Medoc-Atlantique-423x296.jpg
184, Le sentier des Chênes – Réserve Naturelle de Hourtin ,hourtin, à pied ," 3,2 km ", Durée : 1h  , Difficulté : Moyenne ,https://www.gironde-tourisme.com/wp-content/uploads/wpetourisme/P1060330-423x296.jpg
185, Les secrets de la petite Amazone ,le teich, à pied , 10 km , Durée : 3h  , Difficulté : Très facile ,https://www.gironde-tourisme.com/wp-content/uploads/wpetourisme/CDT33-tfinal-POIT-Teich1-423x296.jpg
186, Boucle de Quérion ,marcenais, à pied ," 19,5 km ", Durée : 6h  , Difficulté : Moyenne ,https://www.gironde-tourisme.com/wp-content/uploads/wpetourisme/CDT33-tfinal-Foret-Marcenais-423x296.jpg
187, A la poursuite du Coulobre à Sainte-Foy-La-Grande ,sainte-foy-la-grande, à pied ," 0,6 km ", Durée : 30mn  , Difficulté : Très facile ,https://www.gironde-tourisme.com/wp-content/uploads/wpetourisme/ot-ste-foy-360x296.jpg
188, Boucle de Rauzan à Jugazan ,rauzan, à pied , 10 km , Durée : 2h30  , Difficulté : Facile ,https://www.gironde-tourisme.com/wp-content/uploads/wpetourisme/couv-boucle-rauzan-jugazan-2-423x296.jpg
189, Boucle locale du Cheval Blanc ,saint-seve, à pied , 13 km , Durée : 3H30  , Difficulté : Moyenne ,https://www.gironde-tourisme.com/wp-content/uploads/wpetourisme/vignes--1--423x296.jpg
190, Le Barp : Boucle locale centre bourg « sur les traces de Camin Roumieu » ,le barp, à pied , 6 km , Durée : 1h30  , Difficulté : Facile ,https://www.gironde-tourisme.com/wp-content/uploads/wpetourisme/Mediatheque-Le-Barp-2-3-423x296.jpg
191, Boucle entre vignes et marais ,queyrac, à pied ," 6,7 km ", Durée : 2h  , Difficulté : Facile ,https://www.gironde-tourisme.com/wp-content/uploads/wpetourisme/Entre-vignes-et-marais-423x296.jpg
192, Chemin d’Amadour : étape 11 de Monségur à Duras ,monsegur, à pied , 24 km , Durée : 5h  , Difficulté : Moyenne ,https://www.gironde-tourisme.com/wp-content/uploads/wpetourisme/chateau-de-Duras-David-Remazeilles-423x296.jpg
193, Urban Wine Trail ,bordeaux, à pied , 25 km , Durée : 1 jour  , Difficulté : Facile ,https://www.gironde-tourisme.com/wp-content/uploads/wpetourisme/-MG-1153-pt-423x296.jpg
194, Boucle de la Lagune d’enfer à pied ou à vélo ,saugon, à pied , 15 km , Durée : 3h30  , Difficulté : Très facile ,https://www.gironde-tourisme.com/wp-content/uploads/wpetourisme/Lagune-Enfer-Credit-photos-Office-Tourisme-LNG--1--423x296.jpg
195, La boucle de Talais par le port ,talais, à pied ," 6,1 km ", Durée : 1h15  , Difficulté : Très facile ,https://www.gironde-tourisme.com/wp-content/uploads/wpetourisme/Cabanes-Talais-----Medoc-Atlantique--2--423x296.jpg
196, Boucle de Pinson à Saint-André-et-Appelles ,saint-andre-et-appelles, à pied ," 5,4 km ", Durée : 1h40  , Difficulté : Facile ,https://www.gironde-tourisme.com/wp-content/uploads/wpetourisme/Eglise-de-Saint-Andre-423x296.jpg
197, Chemin d’Amadour : étape 1 de Soulac-sur-Mer à Saint-Vivien-de-Médoc ,soulac-sur-mer, à pied ," 25,5 km ", Durée : 6h15  , Difficulté : Moyenne ,https://www.gironde-tourisme.com/wp-content/uploads/wpetourisme/Capture-d-ecran-2023-05-19-a-10.21.13-423x296.png
198, Boucle pédestre : Autour de Parsac ,montagne, à pied , 6 km , Durée : 1h30  , Difficulté : Facile ,https://www.gironde-tourisme.com/wp-content/uploads/wpetourisme/VIGNE-ALANTA-HD-423x296.jpg
199, Boucle pédestre : A la croisée des appellations ,saint-christophe-des-bardes, à pied ," 11,1 km ", Durée : 2h30  , Difficulté : Moyenne ,https://www.gironde-tourisme.com/wp-content/uploads/wpetourisme/Croix-de-Tourans-BD---Guillaume-Le-Baube-423x296.jpg
